"run_id","timestamp_jst","attempt","symbols","ok_count","fail_count","fail_reason","planned_sleep_sec"
"20260120_165853_342127","2026-01-21 01:58:54","1","JPY=X BTC-USD GC=F ^TNX CL=F ^VIX","6","0","","0.0"
"20260120_170121_364495","2026-01-21 02:01:22","1","JPY=X BTC-USD GC=F ^TNX CL=F ^VIX","6","0","","0.0"
"20260120_170241_452124","2026-01-21 02:02:42","1","JPY=X BTC-USD GC=F ^TNX CL=F ^VIX","6","0","","0.0"
"20260120_170351_936721","2026-01-21 02:03:52","1","JPY=X BTC-USD GC=F ^TNX CL=F ^VIX","6","0","","0.0"
"20260120_170456_904048","2026-01-21 02:04:57","1","JPY=X BTC-USD GC=F ^TNX CL=F ^VIX","6","0","","0.0"
"20260120_170818_762436","2026-01-21 02:08:19","1","JPY=X BTC-USD GC=F ^TNX CL=F ^VIX","6","0","","0.0"
"20260120_175731_228750","2026-01-21 02:57:32","1","JPY=X BTC-USD GC=F ^TNX CL=F ^VIX","6","0","","0.0"
"20260120_203655_682781","2026-01-21 05:36:56","1","JPY=X BTC-USD GC=F ^TNX CL=F ^VIX","6","0","","0.0"
"20260120_214052_333683","2026-01-21 06:40:53","1","JPY=X BTC-USD GC=F ^TNX CL=F ^VIX","6","0","","0.0"
"20260120_224223_612907","2026-01-21 07:42:23","1","JPY=X BTC-USD GC=F ^TNX CL=F ^VIX","6","0","","0.0"
"20260120_234247_610476","2026-01-21 08:42:48","1","JPY=X BTC-USD GC=F ^TNX CL=F ^VIX","6","0","","0.0"
"20260121_040524_186425","2026-01-21 13:05:25","1","JPY=X BTC-USD GC=F ^TNX CL=F ^VIX","6","0","","0.0"
"20260121_043853_667847","2026-01-21 13:38:54","1","JPY=X BTC-USD GC=F ^TNX CL=F ^VIX","6","0","","0.0"
"21200400575.1.market.20260121_070422.7154","2026-01-21 16:04:23","1","JPY=X BTC-USD GC=F ^TNX CL=F ^VIX","6","0","0.0","0.0","",""
"21200910979.1.market.20260121_072559.5777","2026-01-21 16:26:01","1","JPY=X BTC-USD GC=F ^TNX CL=F ^VIX","6","0","0.0","0.0","",""
"21200968599.1.market.20260121_072829.2350","2026-01-21 16:28:31","1","JPY=X BTC-USD GC=F ^TNX CL=F ^VIX","6","0","0.0","0.0","",""
"21201000911.1.market.20260121_072957.4898","2026-01-21 16:29:58","1","JPY=X BTC-USD GC=F ^TNX CL=F ^VIX","6","0","0.0","0.0","",""
"21201034594.1.market.20260121_073127.8537","2026-01-21 16:31:30","1","JPY=X BTC-USD GC=F ^TNX CL=F ^VIX","6","0","0.0","0.0","",""
"21201066752.1.market.20260121_073247.7225","2026-01-21 16:32:48","1","JPY=X BTC-USD GC=F ^TNX CL=F ^VIX","6","0","0.0","0.0","",""
"21201180790.1.market.20260121_073740.2738","2026-01-21 16:37:41","1","JPY=X BTC-USD GC=F ^TNX CL=F ^VIX","6","0","0.0","0.0","",""
"21201626089.1.market.20260121_075620.1599","2026-01-21 16:56:21","1","JPY=X BTC-USD GC=F ^TNX CL=F ^VIX","6","0","0.0","0.0","",""
"21202618244.1.market.20260121_083401.3597","2026-01-21 17:34:02","1","JPY=X BTC-USD GC=F ^TNX CL=F ^VIX","6","0","0.0","0.0","",""
"gh21203329885-a1-20260121T085947Z-d5480c1a","2026-01-21 17:59:49","1","JPY=X BTC-USD GC=F ^TNX CL=F ^VIX","6","0","","0.0"
"gh21203416035-a1-20260121T090237Z-d5fa2a74","2026-01-21 18:02:38","1","JPY=X BTC-USD GC=F ^TNX CL=F ^VIX","6","0","","0.0"
"gh21205193476-a1-20260121T100034Z-c6740e36","2026-01-21 19:00:35","1","JPY=X BTC-USD GC=F ^TNX CL=F ^VIX","6","0","","0.0"
"gh21207130761-a1-20260121T110304Z-c2378b4a","2026-01-21 20:03:05","1","JPY=X BTC-USD GC=F ^TNX CL=F ^VIX","6","0","","0.0"
"gh21208547124-a1-20260121T115248Z-cf1050a5","2026-01-21 20:52:49","1","JPY=X BTC-USD GC=F ^TNX CL=F ^VIX","6","0","","0.0"
"gh21212316840-a1-20260121T135908Z-670e5f62","2026-01-21 22:59:09","1","JPY=X BTC-USD GC=F ^TNX CL=F ^VIX","6","0","","0.0"
"gh21214435554-a1-20260121T150229Z-94f5cbaf","2026-01-22 00:02:29","1","JPY=X BTC-USD GC=F ^TNX CL=F ^VIX","0","6","","15.0"
"gh21214435554-a1-20260121T150229Z-94f5cbaf","2026-01-22 00:02:46","2","JPY=X BTC-USD GC=F ^TNX CL=F ^VIX","0","6","","30.0"
"gh21214435554-a1-20260121T150229Z-94f5cbaf","2026-01-22 00:03:19","3","JPY=X BTC-USD GC=F ^TNX CL=F ^VIX","0","6","","60.0"
"gh21214435554-a1-20260121T150229Z-94f5cbaf","2026-01-22 00:04:20","4","JPY=X BTC-USD GC=F ^TNX CL=F ^VIX","0","6","","120.0"
"gh21220477062-a1-20260121T180809Z-b5513ce6","2026-01-22 03:08:11","1","JPY=X BTC-USD GC=F ^TNX CL=F ^VIX","6","0","","0.0"
"gh21223411780-a1-20260121T194555Z-62b49295","2026-01-22 04:45:56","1","JPY=X BTC-USD GC=F ^TNX CL=F ^VIX","6","0","","0.0"
"gh21225536383-a1-20260121T210114Z-a6773243","2026-01-22 06:01:15","1","JPY=X BTC-USD GC=F ^TNX CL=F ^VIX","6","0","","0.0"
"gh21227194109-a1-20260121T215933Z-e7444b69","2026-01-22 06:59:33","1","JPY=X BTC-USD GC=F ^TNX CL=F ^VIX","6","0","","0.0"
"gh21228689085-a1-20260121T225631Z-83fbf3b2","2026-01-22 07:56:32","1","JPY=X BTC-USD GC=F ^TNX CL=F ^VIX","6","0","","0.0"
"gh21230080509-a1-20260121T234949Z-ce278aee","2026-01-22 08:49:51","1","JPY=X BTC-USD GC=F ^TNX CL=F ^VIX","6","0","","0.0"
"20260122T020318Z_gha21233239062_a1","2026-01-22 11:03:19","1","JPY=X BTC-USD GC=F ^TNX CL=F ^VIX","6","0","","0.0"
"20260122T041608Z_gha21235820948_a1","2026-01-22 13:16:09","1","JPY=X BTC-USD GC=F ^TNX CL=F ^VIX","6","0","","0.0"
"20260122T054904Z_gha21237645989_a1","2026-01-22 14:49:05","1","JPY=X BTC-USD GC=F ^TNX CL=F ^VIX","6","0","","0.0"
"20260122T070323Z_gha21239257088_a1","2026-01-22 16:03:24","1","JPY=X BTC-USD GC=F ^TNX CL=F ^VIX","6","0","","0.0"
"20260122T075425Z_gha21240476299_a1","2026-01-22 16:54:26","1","JPY=X BTC-USD GC=F ^TNX CL=F ^VIX","6","0","","0.0"
"20260122T090449Z_gha21242397790_a1","2026-01-22 18:04:49","1","JPY=X BTC-USD GC=F ^TNX CL=F ^VIX","6","0","","0.0"
"20260122T100108Z_gha21244125653_a1","2026-01-22 19:01:08","1","JPY=X BTC-USD GC=F ^TNX CL=F ^VIX","6","0","","0.0"
"20260122T110214Z_gha21245969403_a1","2026-01-22 20:02:15","1","JPY=X BTC-USD GC=F ^TNX CL=F ^VIX","6","0","","0.0"
"20260122T115327Z_gha21247426838_a1","2026-01-22 20:53:28","1","JPY=X BTC-USD GC=F ^TNX CL=F ^VIX","6","0","","0.0"
"20260122T135845Z_gha21251220441_a1","2026-01-22 22:58:46","1","JPY=X BTC-USD GC=F ^TNX CL=F ^VIX","6","0","","0.0"
"20260122T150132Z_gha21253249784_a1","2026-01-23 00:01:33","1","JPY=X BTC-USD GC=F ^TNX CL=F ^VIX","6","0","","0.0"
"20260122T160335Z_gha21255406314_a1","2026-01-23 01:03:37","1","JPY=X BTC-USD GC=F ^TNX CL=F ^VIX","6","0","","0.0"
"20260122T175117Z_gha21258945982_a1","2026-01-23 02:51:18","1","JPY=X BTC-USD GC=F ^TNX CL=F ^VIX","6","0","","0.0"
"20260122T190314Z_gha21261223811_a1","2026-01-23 04:03:14","1","JPY=X BTC-USD GC=F ^TNX CL=F ^VIX","6","0","","0.0"
"20260122T195150Z_gha21262726647_a1","2026-01-23 04:51:51","1","JPY=X BTC-USD GC=F ^TNX CL=F ^VIX","6","0","","0.0"
"20260122T205403Z_gha21264520371_a1","2026-01-23 05:54:04","1","JPY=X BTC-USD GC=F ^TNX CL=F ^VIX","6","0","","0.0"
"20260122T214712Z_gha21266052281_a1","2026-01-23 06:47:14","1","JPY=X BTC-USD GC=F ^TNX CL=F ^VIX","6","0","","0.0"
"20260122T225030Z_gha21267700925_a1","2026-01-23 07:50:31","1","JPY=X BTC-USD GC=F ^TNX CL=F ^VIX","6","0","","0.0"
"20260122T233950Z_gha21268881667_a1","2026-01-23 08:39:51","1","JPY=X BTC-USD GC=F ^TNX CL=F ^VIX","6","0","","0.0"
"20260123T011612Z_gha21270977753_a1","2026-01-23 10:16:13","1","JPY=X BTC-USD GC=F ^TNX CL=F ^VIX","6","0","","0.0"
"20260123_035301Z_132154","2026-01-23 12:53:02","1","JPY=X BTC-USD GC=F ^TNX CL=F ^VIX","6","0","","0.0"
"20260123_035627Z_718382","2026-01-23 12:56:28","1","JPY=X BTC-USD GC=F ^TNX CL=F ^VIX","6","0","","0.0"
"20260123_035714Z_667517","2026-01-23 12:57:15","1","JPY=X BTC-USD GC=F ^TNX CL=F ^VIX","6","0","","0.0"
"20260123_035911Z_350209","2026-01-23 12:59:12","1","JPY=X BTC-USD GC=F ^TNX CL=F ^VIX","6","0","","0.0"
"20260123_040015Z_753350","2026-01-23 13:00:15","1","JPY=X BTC-USD GC=F ^TNX CL=F ^VIX","6","0","","0.0"
"20260123_040144Z_343876","2026-01-23 13:01:46","1","JPY=X BTC-USD GC=F ^TNX CL=F ^VIX","6","0","","0.0"
"20260123_040401Z_692107","2026-01-23 13:04:03","1","JPY=X BTC-USD GC=F ^TNX CL=F ^VIX","6","0","","0.0"
"20260123_040620Z_983281","2026-01-23 13:06:21","1","JPY=X BTC-USD GC=F ^TNX CL=F ^VIX","6","0","","0.0"
"20260123_050501Z_355068","2026-01-23 14:05:02","1","JPY=X BTC-USD GC=F ^TNX CL=F ^VIX","6","0","","0.0"
"20260123_055634Z_875780","2026-01-23 14:56:34","1","JPY=X BTC-USD GC=F ^TNX CL=F ^VIX","6","0","","0.0"
"20260123_070249Z_641188","2026-01-23 16:02:50","1","JPY=X BTC-USD GC=F ^TNX CL=F ^VIX","6","0","","0.0"
"20260123_075128Z_692283","2026-01-23 16:51:29","1","JPY=X BTC-USD GC=F ^TNX CL=F ^VIX","6","0","","0.0"
"20260123_085958Z_503080","2026-01-23 17:59:59","1","JPY=X BTC-USD GC=F ^TNX CL=F ^VIX","6","0","","0.0"
"20260123_095435Z_496486","2026-01-23 18:54:36","1","JPY=X BTC-USD GC=F ^TNX CL=F ^VIX","6","0","","0.0"
"20260123_105457Z_742464","2026-01-23 19:54:58","1","JPY=X BTC-USD GC=F ^TNX CL=F ^VIX","6","0","","0.0"
"20260123_113945Z_583913","2026-01-23 20:39:46","1","JPY=X BTC-USD GC=F ^TNX CL=F ^VIX","6","0","","0.0"
"20260123_135536Z_405815","2026-01-23 22:55:37","1","JPY=X BTC-USD GC=F ^TNX CL=F ^VIX","6","0","","0.0"
"20260123_145623Z_764599","2026-01-23 23:56:24","1","JPY=X BTC-USD GC=F ^TNX CL=F ^VIX","6","0","","0.0"
"20260123_155239Z_268953","2026-01-24 00:52:40","1","JPY=X BTC-USD GC=F ^TNX CL=F ^VIX","6","0","","0.0"
"20260123_170149Z_951273","2026-01-24 02:01:50","1","JPY=X BTC-USD GC=F ^TNX CL=F ^VIX","6","0","","0.0"
"20260123_175318Z_145113","2026-01-24 02:53:20","1","JPY=X BTC-USD GC=F ^TNX CL=F ^VIX","6","0","","0.0"
"20260123_190232Z_891144","2026-01-24 04:02:33","1","JPY=X BTC-USD GC=F ^TNX CL=F ^VIX","6","0","","0.0"
"20260123_194620Z_748445","2026-01-24 04:46:20","1","JPY=X BTC-USD GC=F ^TNX CL=F ^VIX","6","0","","0.0"
"20260123_204953Z_715791","2026-01-24 05:49:54","1","JPY=X BTC-USD GC=F ^TNX CL=F ^VIX","6","0","","0.0"
"20260123_213940Z_252317","2026-01-24 06:39:41","1","JPY=X BTC-USD GC=F ^TNX CL=F ^VIX","6","0","","0.0"
"20260123_224229Z_123329","2026-01-24 07:42:30","1","JPY=X BTC-USD GC=F ^TNX CL=F ^VIX","6","0","","0.0"
"20260123_233933Z_561087","2026-01-24 08:39:35","1","JPY=X BTC-USD GC=F ^TNX CL=F ^VIX","6","0","","0.0"
"20260124_035256Z_995549","2026-01-24 12:52:58","1","JPY=X BTC-USD GC=F ^TNX CL=F ^VIX","6","0","","0.0"
"20260124_045832Z_764016","2026-01-24 13:58:33","1","JPY=X BTC-USD GC=F ^TNX CL=F ^VIX","6","0","","0.0"
"20260124_054403Z_698298","2026-01-24 14:44:04","1","JPY=X BTC-USD GC=F ^TNX CL=F ^VIX","6","0","","0.0"
"20260124_065711Z_327618","2026-01-24 15:57:12","1","JPY=X BTC-USD GC=F ^TNX CL=F ^VIX","6","0","","0.0"
"20260124_073445Z_221698","2026-01-24 16:34:46","1","JPY=X BTC-USD GC=F ^TNX CL=F ^VIX","6","0","","0.0"
"20260124_085242Z_446010","2026-01-24 17:52:44","1","JPY=X BTC-USD GC=F ^TNX CL=F ^VIX","6","0","","0.0"
"20260124_093912Z_794918","2026-01-24 18:39:13","1","JPY=X BTC-USD GC=F ^TNX CL=F ^VIX","6","0","","0.0"
"20260124_104418Z_802283","2026-01-24 19:44:19","1","JPY=X BTC-USD GC=F ^TNX CL=F ^VIX","6","0","","0.0"
"20260124_113118Z_763300","2026-01-24 20:31:19","1","JPY=X BTC-USD GC=F ^TNX CL=F ^VIX","6","0","","0.0"
"20260124_134111Z_395962","2026-01-24 22:41:12","1","JPY=X BTC-USD GC=F ^TNX CL=F ^VIX","6","0","","0.0"
"20260124_144123Z_404695","2026-01-24 23:41:24","1","JPY=X BTC-USD GC=F ^TNX CL=F ^VIX","6","0","","0.0"
"20260124_153802Z_542303","2026-01-25 00:38:03","1","JPY=X BTC-USD GC=F ^TNX CL=F ^VIX","6","0","","0.0"
"20260124_165025Z_202982","2026-01-25 01:50:26","1","JPY=X BTC-USD GC=F ^TNX CL=F ^VIX","6","0","","0.0"
"20260124_173832Z_729130","2026-01-25 02:38:32","1","JPY=X BTC-USD GC=F ^TNX CL=F ^VIX","6","0","","0.0"
"20260124_185538Z_230395","2026-01-25 03:55:39","1","JPY=X BTC-USD GC=F ^TNX CL=F ^VIX","6","0","","0.0"
"20260124_192924Z_759247","2026-01-25 04:29:25","1","JPY=X BTC-USD GC=F ^TNX CL=F ^VIX","6","0","","0.0"
"20260124_194319Z_275138","2026-01-25 04:43:21","1","JPY=X BTC-USD GC=F ^TNX CL=F ^VIX","6","0","","0.0"
"20260124_203940Z_297485","2026-01-25 05:39:40","1","JPY=X BTC-USD GC=F ^TNX CL=F ^VIX","6","0","","0.0"
"20260124_213303Z_944224","2026-01-25 06:33:04","1","JPY=X BTC-USD GC=F ^TNX CL=F ^VIX","6","0","","0.0"
"20260124_224127Z_784528","2026-01-25 07:41:29","1","JPY=X BTC-USD GC=F ^TNX CL=F ^VIX","6","0","","0.0"
"20260124_233425Z_487750","2026-01-25 08:34:26","1","JPY=X BTC-USD GC=F ^TNX CL=F ^VIX","6","0","","0.0"
"20260125_042112Z_615286","2026-01-25 13:21:14","1","JPY=X BTC-USD GC=F ^TNX CL=F ^VIX","6","0","","0.0"
"20260125_054650Z_938279","2026-01-25 14:46:51","1","JPY=X BTC-USD GC=F ^TNX CL=F ^VIX","6","0","","0.0"
"20260125_065844Z_539470","2026-01-25 15:58:45","1","JPY=X BTC-USD GC=F ^TNX CL=F ^VIX","6","0","","0.0"
"20260125_073853Z_634724","2026-01-25 16:38:54","1","JPY=X BTC-USD GC=F ^TNX CL=F ^VIX","6","0","","0.0"
"20260125_085304Z_693878","2026-01-25 17:53:05","1","JPY=X BTC-USD GC=F ^TNX CL=F ^VIX","6","0","","0.0"
"20260125_094021Z_374884","2026-01-25 18:40:23","1","JPY=X BTC-USD GC=F ^TNX CL=F ^VIX","6","0","","0.0"
"20260125_104616Z_654880","2026-01-25 19:46:17","1","JPY=X BTC-USD GC=F ^TNX CL=F ^VIX","6","0","","0.0"
"20260125_113132Z_541087","2026-01-25 20:31:34","1","JPY=X BTC-USD GC=F ^TNX CL=F ^VIX","6","0","","0.0"
"20260125_134436Z_793071","2026-01-25 22:44:36","1","JPY=X BTC-USD GC=F ^TNX CL=F ^VIX","6","0","","0.0"
"20260125_144114Z_801965","2026-01-25 23:41:15","1","JPY=X BTC-USD GC=F ^TNX CL=F ^VIX","6","0","","0.0"
"20260125_153905Z_588609","2026-01-26 00:39:05","1","JPY=X BTC-USD GC=F ^TNX CL=F ^VIX","6","0","","0.0"
"20260125_165213Z_960046","2026-01-26 01:52:14","1","JPY=X BTC-USD GC=F ^TNX CL=F ^VIX","6","0","","0.0"
"20260125_173905Z_753863","2026-01-26 02:39:06","1","JPY=X BTC-USD GC=F ^TNX CL=F ^VIX","6","0","","0.0"
"20260125_185506Z_918439","2026-01-26 03:55:08","1","JPY=X BTC-USD GC=F ^TNX CL=F ^VIX","6","0","","0.0"
"20260125_193026Z_200278","2026-01-26 04:30:27","1","JPY=X BTC-USD GC=F ^TNX CL=F ^VIX","6","0","","0.0"
"20260125_204418Z_161008","2026-01-26 05:44:19","1","JPY=X BTC-USD GC=F ^TNX CL=F ^VIX","6","0","","0.0"
"20260125_213429Z_664116","2026-01-26 06:34:30","1","JPY=X BTC-USD GC=F ^TNX CL=F ^VIX","6","0","","0.0"
"20260125_224344Z_164038","2026-01-26 07:43:45","1","JPY=X BTC-USD GC=F ^TNX CL=F ^VIX","6","0","","0.0"
"20260125_233816Z_475103","2026-01-26 08:38:17","1","JPY=X BTC-USD GC=F ^TNX CL=F ^VIX","6","0","","0.0"
"20260126_043543Z_900311","2026-01-26 13:35:44","1","JPY=X BTC-USD GC=F ^TNX CL=F ^VIX","6","0","","0.0"
"20260126_055801Z_587770","2026-01-26 14:58:02","1","JPY=X BTC-USD GC=F ^TNX CL=F ^VIX","6","0","","0.0"
"20260126_070538Z_180196","2026-01-26 16:05:39","1","JPY=X BTC-USD GC=F ^TNX CL=F ^VIX","6","0","","0.0"
"20260126_075423Z_255456","2026-01-26 16:54:24","1","JPY=X BTC-USD GC=F ^TNX CL=F ^VIX","6","0","","0.0"
"20260126_090334Z_832474","2026-01-26 18:03:37","1","JPY=X BTC-USD GC=F ^TNX CL=F ^VIX","6","0","","0.0"
"20260126_100125Z_558877","2026-01-26 19:01:26","1","JPY=X BTC-USD GC=F ^TNX CL=F ^VIX","6","0","","0.0"
"20260126_110056Z_115561","2026-01-26 20:00:57","1","JPY=X BTC-USD GC=F ^TNX CL=F ^VIX","6","0","","0.0"
"20260126_114948Z_175649","2026-01-26 20:49:50","1","JPY=X BTC-USD GC=F ^TNX CL=F ^VIX","6","0","","0.0"
"20260126_135709Z_775638","2026-01-26 22:57:10","1","JPY=X BTC-USD GC=F ^TNX CL=F ^VIX","6","0","","0.0"
"20260126_150003Z_498939","2026-01-27 00:00:04","1","JPY=X BTC-USD GC=F ^TNX CL=F ^VIX","6","0","","0.0"
"20260126_155651Z_959017","2026-01-27 00:56:52","1","JPY=X BTC-USD GC=F ^TNX CL=F ^VIX","6","0","","0.0"
"20260126_170549Z_547041","2026-01-27 02:05:50","1","JPY=X BTC-USD GC=F ^TNX CL=F ^VIX","6","0","","0.0"
"20260126_175753Z_829737","2026-01-27 02:57:54","1","JPY=X BTC-USD GC=F ^TNX CL=F ^VIX","6","0","","0.0"
"20260126_190515Z_622482","2026-01-27 04:05:16","1","JPY=X BTC-USD GC=F ^TNX CL=F ^VIX","6","0","","0.0"
"20260126_194726Z_792889","2026-01-27 04:47:27","1","JPY=X BTC-USD GC=F ^TNX CL=F ^VIX","6","0","","0.0"
"20260126_205421Z_319121","2026-01-27 05:54:22","1","JPY=X BTC-USD GC=F ^TNX CL=F ^VIX","6","0","","0.0"
"20260126_214858Z_944774","2026-01-27 06:48:59","1","JPY=X BTC-USD GC=F ^TNX CL=F ^VIX","6","0","","0.0"
"20260126_225048Z_535598","2026-01-27 07:50:49","1","JPY=X BTC-USD GC=F ^TNX CL=F ^VIX","6","0","","0.0"
"20260126_234459Z_417958","2026-01-27 08:45:00","1","JPY=X BTC-USD GC=F ^TNX CL=F ^VIX","6","0","","0.0"
"20260126_235855Z_258793","2026-01-27 08:58:56","1","JPY=X BTC-USD GC=F ^TNX CL=F ^VIX","6","0","","0.0"
"20260127_041419Z_390345","2026-01-27 13:14:20","1","JPY=X BTC-USD GC=F ^TNX CL=F ^VIX","6","0","","0.0"
"20260127_054618Z_159375","2026-01-27 14:46:18","1","JPY=X BTC-USD GC=F ^TNX CL=F ^VIX","6","0","","0.0"
"20260127_070421Z_430096","2026-01-27 16:04:22","1","JPY=X BTC-USD GC=F ^TNX CL=F ^VIX","6","0","","0.0"
"20260127_075305Z_256522","2026-01-27 16:53:06","1","JPY=X BTC-USD GC=F ^TNX CL=F ^VIX","6","0","","0.0"
"20260127_090411Z_376196","2026-01-27 18:04:12","1","JPY=X BTC-USD GC=F ^TNX CL=F ^VIX","6","0","","0.0"
"20260127_100006Z_866758","2026-01-27 19:00:07","1","JPY=X BTC-USD GC=F ^TNX CL=F ^VIX","6","0","","0.0"
"20260127_110012Z_431683","2026-01-27 20:00:13","1","JPY=X BTC-USD GC=F ^TNX CL=F ^VIX","6","0","","0.0"
"20260127_114806Z_134249","2026-01-27 20:48:07","1","JPY=X BTC-USD GC=F ^TNX CL=F ^VIX","6","0","","0.0"
"20260127_140103Z_557676","2026-01-27 23:01:04","1","JPY=X BTC-USD GC=F ^TNX CL=F ^VIX","6","0","","0.0"
"20260127_154626Z_930764","2026-01-28 00:46:27","1","JPY=X BTC-USD GC=F ^TNX CL=F ^VIX","6","0","","0.0"
"20260127_170314Z_794538","2026-01-28 02:03:16","1","JPY=X BTC-USD GC=F ^TNX CL=F ^VIX","6","0","","0.0"
"20260127_175833Z_443758","2026-01-28 02:58:34","1","JPY=X BTC-USD GC=F ^TNX CL=F ^VIX","6","0","","0.0"
"20260127_191813Z_416761","2026-01-28 04:18:14","1","JPY=X BTC-USD GC=F ^TNX CL=F ^VIX","6","0","","0.0"
"20260127_195644Z_279220","2026-01-28 04:56:46","1","JPY=X BTC-USD GC=F ^TNX CL=F ^VIX","6","0","","0.0"
"20260127_205019Z_879411","2026-01-28 05:50:21","1","JPY=X BTC-USD GC=F ^TNX CL=F ^VIX","6","0","","0.0"
"20260127_213920Z_289446","2026-01-28 06:39:22","1","JPY=X BTC-USD GC=F ^TNX CL=F ^VIX","6","0","","0.0"
"20260127_215441Z_553165","2026-01-28 06:54:43","1","JPY=X BTC-USD GC=F ^TNX CL=F ^VIX","6","0","","0.0"
"20260127_224843Z_694796","2026-01-28 07:48:44","1","JPY=X BTC-USD GC=F ^TNX CL=F ^VIX","6","0","","0.0"
"20260127_234247Z_326869","2026-01-28 08:42:48","1","JPY=X BTC-USD GC=F ^TNX CL=F ^VIX","6","0","","0.0"
"20260127_235711Z_505155","2026-01-28 08:57:12","1","JPY=X BTC-USD GC=F ^TNX CL=F ^VIX","6","0","","0.0"
"20260128_041156Z_623189","2026-01-28 13:11:57","1","JPY=X BTC-USD GC=F ^TNX CL=F ^VIX","6","0","","0.0"
"20260128_054726Z_455435","2026-01-28 14:47:27","1","JPY=X BTC-USD GC=F ^TNX CL=F ^VIX","6","0","","0.0"
"20260128_070355Z_709105","2026-01-28 16:03:56","1","JPY=X BTC-USD GC=F ^TNX CL=F ^VIX","6","0","","0.0"
"20260128_075206Z_602807","2026-01-28 16:52:07","1","JPY=X BTC-USD GC=F ^TNX CL=F ^VIX","6","0","","0.0"
"20260128_090430Z_134828","2026-01-28 18:04:31","1","JPY=X BTC-USD GC=F ^TNX CL=F ^VIX","6","0","","0.0"
"20260128_100101Z_197235","2026-01-28 19:01:01","1","JPY=X BTC-USD GC=F ^TNX CL=F ^VIX","6","0","","0.0"
"20260128_110124Z_346453","2026-01-28 20:01:24","1","JPY=X BTC-USD GC=F ^TNX CL=F ^VIX","6","0","","0.0"
"20260128_114843Z_617463","2026-01-28 20:48:44","1","JPY=X BTC-USD GC=F ^TNX CL=F ^VIX","6","0","","0.0"
"20260128_140017Z_234925","2026-01-28 23:00:18","1","JPY=X BTC-USD GC=F ^TNX CL=F ^VIX","6","0","","0.0"
"20260128_150616Z_101705","2026-01-29 00:06:17","1","JPY=X BTC-USD GC=F ^TNX CL=F ^VIX","6","0","","0.0"
"20260128_170737Z_551699","2026-01-29 02:07:38","1","JPY=X BTC-USD GC=F ^TNX CL=F ^VIX","6","0","","0.0"
"20260128_180103Z_911238","2026-01-29 03:01:04","1","JPY=X BTC-USD GC=F ^TNX CL=F ^VIX","6","0","","0.0"
"20260128_194446Z_491158","2026-01-29 04:44:47","1","JPY=X BTC-USD GC=F ^TNX CL=F ^VIX","6","0","","0.0"
"20260128_210108Z_627029","2026-01-29 06:01:09","1","JPY=X BTC-USD GC=F ^TNX CL=F ^VIX","6","0","","0.0"
"20260128_215845Z_226057","2026-01-29 06:58:45","1","JPY=X BTC-USD GC=F ^TNX CL=F ^VIX","6","0","","0.0"
"20260128_225906Z_892634","2026-01-29 07:59:07","1","JPY=X BTC-USD GC=F ^TNX CL=F ^VIX","6","0","","0.0"
"20260128_235236Z_555013","2026-01-29 08:52:37","1","JPY=X BTC-USD GC=F ^TNX CL=F ^VIX","6","0","","0.0"
"20260129_045501Z_632947","2026-01-29 13:55:02","1","JPY=X BTC-USD GC=F ^TNX CL=F ^VIX","6","0","","0.0"
"20260129_073019Z_514157","2026-01-29 16:30:20","1","JPY=X BTC-USD GC=F ^TNX CL=F ^VIX","6","0","","0.0"
"20260129_100120Z_703219","2026-01-29 19:01:21","1","JPY=X BTC-USD GC=F ^TNX CL=F ^VIX","6","0","","0.0"
"20260129_114734Z_913132","2026-01-29 20:47:35","1","JPY=X BTC-USD GC=F ^TNX CL=F ^VIX","6","0","","0.0"
"20260129_141132Z_690274","2026-01-29 23:11:33","1","JPY=X BTC-USD GC=F ^TNX CL=F ^VIX","6","0","","0.0"
"20260129_160334Z_446767","2026-01-30 01:03:35","1","JPY=X BTC-USD GC=F ^TNX CL=F ^VIX","6","0","","0.0"
"20260129_180232Z_126285","2026-01-30 03:02:33","1","JPY=X BTC-USD GC=F ^TNX CL=F ^VIX","6","0","","0.0"
"20260129_194640Z_776167","2026-01-30 04:46:41","1","JPY=X BTC-USD GC=F ^TNX CL=F ^VIX","6","0","","0.0"
"20260129_205732Z_961890","2026-01-30 05:57:33","1","JPY=X BTC-USD GC=F ^TNX CL=F ^VIX","6","0","","0.0"
"20260129_215617Z_458172","2026-01-30 06:56:18","1","JPY=X BTC-USD GC=F ^TNX CL=F ^VIX","6","0","","0.0"
"20260129_225925Z_795319","2026-01-30 07:59:26","1","JPY=X BTC-USD GC=F ^TNX CL=F ^VIX","6","0","","0.0"
"20260129_235310Z_143571","2026-01-30 08:53:11","1","JPY=X BTC-USD GC=F ^TNX CL=F ^VIX","6","0","","0.0"
"20260130_045931Z_590895","2026-01-30 13:59:32","1","JPY=X BTC-USD GC=F ^TNX CL=F ^VIX","6","0","","0.0"
"20260130_073026Z_920683","2026-01-30 16:30:27","1","JPY=X BTC-USD GC=F ^TNX CL=F ^VIX","6","0","","0.0"
"20260130_095722Z_270582","2026-01-30 18:57:24","1","JPY=X BTC-USD GC=F ^TNX CL=F ^VIX","6","0","","0.0"
"20260130_114057Z_951309","2026-01-30 20:40:58","1","JPY=X BTC-USD GC=F ^TNX CL=F ^VIX","6","0","","0.0"
"20260130_140617Z_163241","2026-01-30 23:06:18","1","JPY=X BTC-USD GC=F ^TNX CL=F ^VIX","6","0","","0.0"
"20260130_155626Z_749631","2026-01-31 00:56:26","1","JPY=X BTC-USD GC=F ^TNX CL=F ^VIX","6","0","","0.0"
"20260130_175438Z_618178","2026-01-31 02:54:39","1","JPY=X BTC-USD GC=F ^TNX CL=F ^VIX","6","0","","0.0"
"20260130_194721Z_646453","2026-01-31 04:47:22","1","JPY=X BTC-USD GC=F ^TNX CL=F ^VIX","6","0","","0.0"
"20260130_210036Z_646215","2026-01-31 06:00:37","1","JPY=X BTC-USD GC=F ^TNX CL=F ^VIX","6","0","","0.0"
"20260130_215232Z_313094","2026-01-31 06:52:33","1","JPY=X BTC-USD GC=F ^TNX CL=F ^VIX","6","0","","0.0"
"20260130_225822Z_923863","2026-01-31 07:58:23","1","JPY=X BTC-USD GC=F ^TNX CL=F ^VIX","6","0","","0.0"
"20260130_235320Z_595630","2026-01-31 08:53:21","1","JPY=X BTC-USD GC=F ^TNX CL=F ^VIX","6","0","","0.0"
"20260131_044948Z_504017","2026-01-31 13:49:50","1","JPY=X BTC-USD GC=F ^TNX CL=F ^VIX","6","0","","0.0"
"20260131_060438Z_826205","2026-01-31 15:04:39","1","JPY=X BTC-USD GC=F ^TNX CL=F ^VIX","6","0","","0.0"
"20260131_074335Z_208990","2026-01-31 16:43:37","1","JPY=X BTC-USD GC=F ^TNX CL=F ^VIX","6","0","","0.0"
"20260131_075931Z_848370","2026-01-31 16:59:32","1","JPY=X BTC-USD GC=F ^TNX CL=F ^VIX","6","0","","0.0"
"20260131_090017Z_510970","2026-01-31 18:00:17","1","JPY=X BTC-USD GC=F ^TNX CL=F ^VIX","6","0","","0.0"
"20260131_095414Z_973399","2026-01-31 18:54:15","1","JPY=X BTC-USD GC=F ^TNX CL=F ^VIX","6","0","","0.0"
"20260131_105453Z_843889","2026-01-31 19:54:54","1","JPY=X BTC-USD GC=F ^TNX CL=F ^VIX","6","0","","0.0"
"20260131_114020Z_706870","2026-01-31 20:40:21","1","JPY=X BTC-USD GC=F ^TNX CL=F ^VIX","6","0","","0.0"
"20260131_115609Z_108286","2026-01-31 20:56:10","1","JPY=X BTC-USD GC=F ^TNX CL=F ^VIX","6","0","","0.0"
"20260131_135350Z_412412","2026-01-31 22:53:50","1","JPY=X BTC-USD GC=F ^TNX CL=F ^VIX","6","0","","0.0"
"20260131_145444Z_622157","2026-01-31 23:54:46","1","JPY=X BTC-USD GC=F ^TNX CL=F ^VIX","6","0","","0.0"
"20260131_154857Z_865585","2026-02-01 00:48:59","1","JPY=X BTC-USD GC=F ^TNX CL=F ^VIX","6","0","","0.0"
"20260131_165857Z_849259","2026-02-01 01:58:58","1","JPY=X BTC-USD GC=F ^TNX CL=F ^VIX","6","0","","0.0"
"20260131_175228Z_241257","2026-02-01 02:52:29","1","JPY=X BTC-USD GC=F ^TNX CL=F ^VIX","6","0","","0.0"
"20260131_190107Z_861470","2026-02-01 04:01:08","1","JPY=X BTC-USD GC=F ^TNX CL=F ^VIX","6","0","","0.0"
"20260131_194347Z_967391","2026-02-01 04:43:49","1","JPY=X BTC-USD GC=F ^TNX CL=F ^VIX","6","0","","0.0"
"20260131_195607Z_377128","2026-02-01 04:56:08","1","JPY=X BTC-USD GC=F ^TNX CL=F ^VIX","6","0","","0.0"
"20260131_205220Z_503745","2026-02-01 05:52:22","1","JPY=X BTC-USD GC=F ^TNX CL=F ^VIX","6","0","","0.0"
"20260131_214249Z_880703","2026-02-01 06:42:52","1","JPY=X BTC-USD GC=F ^TNX CL=F ^VIX","6","0","","0.0"
"20260131_215723Z_322471","2026-02-01 06:57:24","1","JPY=X BTC-USD GC=F ^TNX CL=F ^VIX","6","0","","0.0"
"20260131_225335Z_212110","2026-02-01 07:53:35","1","JPY=X BTC-USD GC=F ^TNX CL=F ^VIX","6","0","","0.0"
"20260131_234510Z_874722","2026-02-01 08:45:11","1","JPY=X BTC-USD GC=F ^TNX CL=F ^VIX","6","0","","0.0"
"20260131_235930Z_919445","2026-02-01 08:59:32","1","JPY=X BTC-USD GC=F ^TNX CL=F ^VIX","6","0","","0.0"
"20260201_051757Z_983806","2026-02-01 14:17:58","1","JPY=X BTC-USD GC=F ^TNX CL=F ^VIX","6","0","","0.0"
"20260201_072832Z_576766","2026-02-01 16:28:32","1","JPY=X BTC-USD GC=F ^TNX CL=F ^VIX","6","0","","0.0"
"20260201_080126Z_349195","2026-02-01 17:01:27","1","JPY=X BTC-USD GC=F ^TNX CL=F ^VIX","6","0","","0.0"
"20260201_090416Z_163593","2026-02-01 18:04:16","1","JPY=X BTC-USD GC=F ^TNX CL=F ^VIX","6","0","","0.0"
"20260201_095734Z_196473","2026-02-01 18:57:35","1","JPY=X BTC-USD GC=F ^TNX CL=F ^VIX","6","0","","0.0"
"20260201_105723Z_686238","2026-02-01 19:57:24","1","JPY=X BTC-USD GC=F ^TNX CL=F ^VIX","6","0","","0.0"
"20260201_114315Z_250412","2026-02-01 20:43:16","1","JPY=X BTC-USD GC=F ^TNX CL=F ^VIX","6","0","","0.0"
"20260201_115752Z_474343","2026-02-01 20:57:53","1","JPY=X BTC-USD GC=F ^TNX CL=F ^VIX","6","0","","0.0"
"20260201_135552Z_605692","2026-02-01 22:55:54","1","JPY=X BTC-USD GC=F ^TNX CL=F ^VIX","6","0","","0.0"
"20260201_145604Z_859308","2026-02-01 23:56:05","1","JPY=X BTC-USD GC=F ^TNX CL=F ^VIX","6","0","","0.0"
"20260201_155120Z_580522","2026-02-02 00:51:21","1","JPY=X BTC-USD GC=F ^TNX CL=F ^VIX","6","0","","0.0"
"20260201_170007Z_976763","2026-02-02 02:00:09","1","JPY=X BTC-USD GC=F ^TNX CL=F ^VIX","6","0","","0.0"
"20260201_175423Z_865192","2026-02-02 02:54:25","1","JPY=X BTC-USD GC=F ^TNX CL=F ^VIX","6","0","","0.0"
"20260201_190519Z_924722","2026-02-02 04:05:20","1","JPY=X BTC-USD GC=F ^TNX CL=F ^VIX","6","0","","0.0"
"20260201_194813Z_898307","2026-02-02 04:48:14","1","JPY=X BTC-USD GC=F ^TNX CL=F ^VIX","6","0","","0.0"
"20260201_205429Z_293756","2026-02-02 05:54:30","1","JPY=X BTC-USD GC=F ^TNX CL=F ^VIX","6","0","","0.0"
"20260201_214752Z_193457","2026-02-02 06:47:53","1","JPY=X BTC-USD GC=F ^TNX CL=F ^VIX","6","0","","0.0"
"20260201_225555Z_749126","2026-02-02 07:55:56","1","JPY=X BTC-USD GC=F ^TNX CL=F ^VIX","6","0","","0.0"
"20260201_235227Z_701715","2026-02-02 08:52:28","1","JPY=X BTC-USD GC=F ^TNX CL=F ^VIX","6","0","","0.0"
"20260202_051813Z_135882","2026-02-02 14:18:13","1","JPY=X BTC-USD GC=F ^TNX CL=F ^VIX","6","0","","0.0"
"20260202_075741Z_925149","2026-02-02 16:57:42","1","JPY=X BTC-USD GC=F ^TNX CL=F ^VIX","6","0","","0.0"
"20260202_103122Z_556586","2026-02-02 19:31:24","1","JPY=X BTC-USD GC=F ^TNX CL=F ^VIX","6","0","","0.0"
"20260202_115912Z_935650","2026-02-02 20:59:14","1","JPY=X BTC-USD GC=F ^TNX CL=F ^VIX","6","0","","0.0"
"20260202_142818Z_526873","2026-02-02 23:28:20","1","JPY=X BTC-USD GC=F ^TNX CL=F ^VIX","6","0","","0.0"
"20260202_160301Z_736024","2026-02-03 01:03:02","1","JPY=X BTC-USD GC=F ^TNX CL=F ^VIX","6","0","","0.0"
"20260202_180653Z_323058","2026-02-03 03:06:54","1","JPY=X BTC-USD GC=F ^TNX CL=F ^VIX","6","0","","0.0"
"20260202_231359Z_390345","2026-02-03 08:14:00","1","JPY=X BTC-USD GC=F ^TNX CL=F ^VIX","6","0","","0.0"
"20260202_235736Z_683888","2026-02-03 08:57:38","1","JPY=X BTC-USD GC=F ^TNX CL=F ^VIX","6","0","","0.0"
"20260203_050820Z_114045","2026-02-03 14:08:21","1","JPY=X BTC-USD GC=F ^TNX CL=F ^VIX","6","0","","0.0"
"20260203_073338Z_469610","2026-02-03 16:33:39","1","JPY=X BTC-USD GC=F ^TNX CL=F ^VIX","6","0","","0.0"
"20260203_100253Z_509338","2026-02-03 19:02:54","1","JPY=X BTC-USD GC=F ^TNX CL=F ^VIX","6","0","","0.0"
"20260203_115251Z_341149","2026-02-03 20:52:51","1","JPY=X BTC-USD GC=F ^TNX CL=F ^VIX","6","0","","0.0"
"20260203_143340Z_412555","2026-02-03 23:33:41","1","JPY=X BTC-USD GC=F ^TNX CL=F ^VIX","6","0","","0.0"
"20260203_174032Z_669764","2026-02-04 02:40:33","1","JPY=X BTC-USD GC=F ^TNX CL=F ^VIX","6","0","","0.0"
"20260203_195303Z_266683","2026-02-04 04:53:05","1","JPY=X BTC-USD GC=F ^TNX CL=F ^VIX","6","0","","0.0"
"20260203_215201Z_197334","2026-02-04 06:52:02","1","JPY=X BTC-USD GC=F ^TNX CL=F ^VIX","6","0","","0.0"
"20260203_230143Z_523944","2026-02-04 08:01:44","1","JPY=X BTC-USD GC=F ^TNX CL=F ^VIX","6","0","","0.0"
"20260203_235758Z_771378","2026-02-04 08:57:59","1","JPY=X BTC-USD GC=F ^TNX CL=F ^VIX","6","0","","0.0"
"20260204_050110Z_907566","2026-02-04 14:01:11","1","JPY=X BTC-USD GC=F ^TNX CL=F ^VIX","6","0","","0.0"
"20260204_075201Z_176053","2026-02-04 16:52:02","1","JPY=X BTC-USD GC=F ^TNX CL=F ^VIX","6","0","","0.0"
"20260204_101016Z_873321","2026-02-04 19:10:18","1","JPY=X BTC-USD GC=F ^TNX CL=F ^VIX","6","0","","0.0"
"20260204_115024Z_551422","2026-02-04 20:50:25","1","JPY=X BTC-USD GC=F ^TNX CL=F ^VIX","6","0","","0.0"
"20260204_143127Z_121041","2026-02-04 23:31:28","1","JPY=X BTC-USD GC=F ^TNX CL=F ^VIX","6","0","","0.0"
"20260204_173137Z_151956","2026-02-05 02:31:38","1","JPY=X BTC-USD GC=F ^TNX CL=F ^VIX","6","0","","0.0"
"20260204_195204Z_109705","2026-02-05 04:52:06","1","JPY=X BTC-USD GC=F ^TNX CL=F ^VIX","6","0","","0.0"
"20260204_210526Z_738380","2026-02-05 06:05:26","1","JPY=X BTC-USD GC=F ^TNX CL=F ^VIX","6","0","","0.0"
"20260204_215736Z_677528","2026-02-05 06:57:36","1","JPY=X BTC-USD GC=F ^TNX CL=F ^VIX","6","0","","0.0"
"20260204_225648Z_912827","2026-02-05 07:56:49","1","JPY=X BTC-USD GC=F ^TNX CL=F ^VIX","6","0","","0.0"
"20260204_235537Z_889197","2026-02-05 08:55:39","1","JPY=X BTC-USD GC=F ^TNX CL=F ^VIX","6","0","","0.0"
"20260205_050853Z_942744","2026-02-05 14:08:54","1","JPY=X BTC-USD GC=F ^TNX CL=F ^VIX","6","0","","0.0"
"20260205_075556Z_993327","2026-02-05 16:55:57","1","JPY=X BTC-USD GC=F ^TNX CL=F ^VIX","6","0","","0.0"
"20260205_101049Z_380977","2026-02-05 19:10:50","1","JPY=X BTC-USD GC=F ^TNX CL=F ^VIX","6","0","","0.0"
"20260205_115305Z_241216","2026-02-05 20:53:06","1","JPY=X BTC-USD GC=F ^TNX CL=F ^VIX","6","0","","0.0"
"20260205_143437Z_567808","2026-02-05 23:34:38","1","JPY=X BTC-USD GC=F ^TNX CL=F ^VIX","6","0","","0.0"
"20260205_173509Z_972813","2026-02-06 02:35:10","1","JPY=X BTC-USD GC=F ^TNX CL=F ^VIX","6","0","","0.0"
"20260205_195013Z_659051","2026-02-06 04:50:14","1","JPY=X BTC-USD GC=F ^TNX CL=F ^VIX","6","0","","0.0"
"20260205_210447Z_217608","2026-02-06 06:04:48","1","JPY=X BTC-USD GC=F ^TNX CL=F ^VIX","6","0","","0.0"
"20260205_215857Z_608596","2026-02-06 06:58:59","1","JPY=X BTC-USD GC=F ^TNX CL=F ^VIX","6","0","","0.0"
"20260205_230050Z_263389","2026-02-06 08:00:51","1","JPY=X BTC-USD GC=F ^TNX CL=F ^VIX","6","0","","0.0"
"20260205_235528Z_761077","2026-02-06 08:55:29","1","JPY=X BTC-USD GC=F ^TNX CL=F ^VIX","6","0","","0.0"
"20260206_050721Z_349840","2026-02-06 14:07:22","1","JPY=X BTC-USD GC=F ^TNX CL=F ^VIX","6","0","","0.0"
"20260206_060828Z_906831","2026-02-06 15:08:30","1","JPY=X BTC-USD GC=F ^TNX CL=F ^VIX","6","0","","0.0"
"20260206_071415Z_832710","2026-02-06 16:14:16","1","JPY=X BTC-USD GC=F ^TNX CL=F ^VIX","6","0","","0.0"
"20260206_075923Z_275192","2026-02-06 16:59:23","1","JPY=X BTC-USD GC=F ^TNX CL=F ^VIX","6","0","","0.0"
"20260206_085657Z_190867","2026-02-06 17:56:58","1","JPY=X BTC-USD GC=F ^TNX CL=F ^VIX","6","0","","0.0"
"20260206_095408Z_682770","2026-02-06 18:54:08","1","JPY=X BTC-USD GC=F ^TNX CL=F ^VIX","6","0","","0.0"
"20260206_104418Z_763536","2026-02-06 19:44:20","1","JPY=X BTC-USD GC=F ^TNX CL=F ^VIX","6","0","","0.0"
"20260206_112208Z_124989","2026-02-06 20:22:08","1","JPY=X BTC-USD GC=F ^TNX CL=F ^VIX","6","0","","0.0"
"20260206_115540Z_885229","2026-02-06 20:55:41","1","JPY=X BTC-USD GC=F ^TNX CL=F ^VIX","6","0","","0.0"
"20260206_131013Z_329323","2026-02-06 22:10:14","1","JPY=X BTC-USD GC=F ^TNX CL=F ^VIX","6","0","","0.0"
"20260206_140840Z_999950","2026-02-06 23:08:42","1","JPY=X BTC-USD GC=F ^TNX CL=F ^VIX","6","0","","0.0"
"20260206_150124Z_337549","2026-02-07 00:01:25","1","JPY=X BTC-USD GC=F ^TNX CL=F ^VIX","6","0","","0.0"
"20260206_155825Z_997960","2026-02-07 00:58:27","1","JPY=X BTC-USD GC=F ^TNX CL=F ^VIX","6","0","","0.0"
"20260206_165839Z_679386","2026-02-07 01:58:40","1","JPY=X BTC-USD GC=F ^TNX CL=F ^VIX","6","0","","0.0"
"20260206_175203Z_409012","2026-02-07 02:52:03","1","JPY=X BTC-USD GC=F ^TNX CL=F ^VIX","6","0","","0.0"
"20260206_185629Z_117582","2026-02-07 03:56:30","1","JPY=X BTC-USD GC=F ^TNX CL=F ^VIX","6","0","","0.0"
"20260206_194025Z_184628","2026-02-07 04:40:26","1","JPY=X BTC-USD GC=F ^TNX CL=F ^VIX","6","0","","0.0"
"20260206_200238Z_768017","2026-02-07 05:02:39","1","JPY=X BTC-USD GC=F ^TNX CL=F ^VIX","6","0","","0.0"
"20260206_205053Z_573013","2026-02-07 05:50:54","1","JPY=X BTC-USD GC=F ^TNX CL=F ^VIX","6","0","","0.0"
"20260206_213518Z_973215","2026-02-07 06:35:20","1","JPY=X BTC-USD GC=F ^TNX CL=F ^VIX","6","0","","0.0"
"20260206_215746Z_298139","2026-02-07 06:57:48","1","JPY=X BTC-USD GC=F ^TNX CL=F ^VIX","6","0","","0.0"
"20260206_223613Z_520327","2026-02-07 07:36:14","1","JPY=X BTC-USD GC=F ^TNX CL=F ^VIX","6","0","","0.0"
"20260206_225946Z_660411","2026-02-07 07:59:47","1","JPY=X BTC-USD GC=F ^TNX CL=F ^VIX","6","0","","0.0"
"20260206_233645Z_982956","2026-02-07 08:36:46","1","JPY=X BTC-USD GC=F ^TNX CL=F ^VIX","6","0","","0.0"
"20260206_235859Z_838248","2026-02-07 08:59:00","1","JPY=X BTC-USD GC=F ^TNX CL=F ^VIX","6","0","","0.0"
"20260207_024533Z_534942","2026-02-07 11:45:36","1","JPY=X BTC-USD GC=F ^TNX CL=F ^VIX","6","0","","0.0"
"20260207_044036Z_944361","2026-02-07 13:40:37","1","JPY=X BTC-USD GC=F ^TNX CL=F ^VIX","6","0","","0.0"
"20260207_053049Z_406632","2026-02-07 14:30:51","1","JPY=X BTC-USD GC=F ^TNX CL=F ^VIX","6","0","","0.0"
"20260207_062341Z_252014","2026-02-07 15:23:42","1","JPY=X BTC-USD GC=F ^TNX CL=F ^VIX","6","0","","0.0"
"20260207_070857Z_902902","2026-02-07 16:08:59","1","JPY=X BTC-USD GC=F ^TNX CL=F ^VIX","6","0","","0.0"
"20260207_074623Z_884019","2026-02-07 16:46:23","1","JPY=X BTC-USD GC=F ^TNX CL=F ^VIX","6","0","","0.0"
"20260207_083645Z_686208","2026-02-07 17:36:47","1","JPY=X BTC-USD GC=F ^TNX CL=F ^VIX","6","0","","0.0"
"20260207_090347Z_931944","2026-02-07 18:03:49","1","JPY=X BTC-USD GC=F ^TNX CL=F ^VIX","6","0","","0.0"
"20260207_094655Z_636846","2026-02-07 18:46:57","1","JPY=X BTC-USD GC=F ^TNX CL=F ^VIX","6","0","","0.0"
"20260207_103104Z_791193","2026-02-07 19:31:06","1","JPY=X BTC-USD GC=F ^TNX CL=F ^VIX","6","0","","0.0"
"20260207_110023Z_723165","2026-02-07 20:00:24","1","JPY=X BTC-USD GC=F ^TNX CL=F ^VIX","6","0","","0.0"
"20260207_113555Z_541406","2026-02-07 20:35:56","1","JPY=X BTC-USD GC=F ^TNX CL=F ^VIX","6","0","","0.0"
"20260207_115523Z_546485","2026-02-07 20:55:25","1","JPY=X BTC-USD GC=F ^TNX CL=F ^VIX","6","0","","0.0"
"20260207_125725Z_250720","2026-02-07 21:57:26","1","JPY=X BTC-USD GC=F ^TNX CL=F ^VIX","6","0","","0.0"
"20260207_134957Z_338803","2026-02-07 22:49:58","1","JPY=X BTC-USD GC=F ^TNX CL=F ^VIX","6","0","","0.0"
"20260207_143038Z_133460","2026-02-07 23:30:39","1","JPY=X BTC-USD GC=F ^TNX CL=F ^VIX","6","0","","0.0"
"20260207_150005Z_452392","2026-02-08 00:00:06","1","JPY=X BTC-USD GC=F ^TNX CL=F ^VIX","6","0","","0.0"
"20260207_153611Z_683066","2026-02-08 00:36:12","1","JPY=X BTC-USD GC=F ^TNX CL=F ^VIX","6","0","","0.0"
"20260207_155911Z_273459","2026-02-08 00:59:13","1","JPY=X BTC-USD GC=F ^TNX CL=F ^VIX","6","0","","0.0"
"20260207_164318Z_440764","2026-02-08 01:43:20","1","JPY=X BTC-USD GC=F ^TNX CL=F ^VIX","6","0","","0.0"
"20260207_171219Z_236681","2026-02-08 02:12:20","1","JPY=X BTC-USD GC=F ^TNX CL=F ^VIX","6","0","","0.0"
"20260207_174519Z_566171","2026-02-08 02:45:20","1","JPY=X BTC-USD GC=F ^TNX CL=F ^VIX","6","0","","0.0"
"20260207_180046Z_837934","2026-02-08 03:00:48","1","JPY=X BTC-USD GC=F ^TNX CL=F ^VIX","6","0","","0.0"
"20260207_185430Z_371137","2026-02-08 03:54:30","1","JPY=X BTC-USD GC=F ^TNX CL=F ^VIX","6","0","","0.0"
"20260207_192731Z_237278","2026-02-08 04:27:32","1","JPY=X BTC-USD GC=F ^TNX CL=F ^VIX","6","0","","0.0"
"20260207_194737Z_594863","2026-02-08 04:47:38","1","JPY=X BTC-USD GC=F ^TNX CL=F ^VIX","6","0","","0.0"
"20260207_203228Z_431134","2026-02-08 05:32:29","1","JPY=X BTC-USD GC=F ^TNX CL=F ^VIX","6","0","","0.0"
"20260207_210121Z_132600","2026-02-08 06:01:22","1","JPY=X BTC-USD GC=F ^TNX CL=F ^VIX","6","0","","0.0"
"20260207_214247Z_433983","2026-02-08 06:42:49","1","JPY=X BTC-USD GC=F ^TNX CL=F ^VIX","6","0","","0.0"
"20260207_215948Z_988327","2026-02-08 06:59:48","1","JPY=X BTC-USD GC=F ^TNX CL=F ^VIX","6","0","","0.0"
"20260207_223853Z_977878","2026-02-08 07:38:54","1","JPY=X BTC-USD GC=F ^TNX CL=F ^VIX","6","0","","0.0"
"20260207_230235Z_718600","2026-02-08 08:02:36","1","JPY=X BTC-USD GC=F ^TNX CL=F ^VIX","6","0","","0.0"
"20260207_234745Z_262984","2026-02-08 08:47:46","1","JPY=X BTC-USD GC=F ^TNX CL=F ^VIX","6","0","","0.0"
"20260208_025026Z_167360","2026-02-08 11:50:26","1","JPY=X BTC-USD GC=F ^TNX CL=F ^VIX","6","0","","0.0"
"20260208_050616Z_182558","2026-02-08 14:06:17","1","JPY=X BTC-USD GC=F ^TNX CL=F ^VIX","6","0","","0.0"
"20260208_060743Z_774869","2026-02-08 15:07:45","1","JPY=X BTC-USD GC=F ^TNX CL=F ^VIX","6","0","","0.0"
"20260208_070814Z_849634","2026-02-08 16:08:15","1","JPY=X BTC-USD GC=F ^TNX CL=F ^VIX","6","0","","0.0"
"20260208_075143Z_822901","2026-02-08 16:51:44","1","JPY=X BTC-USD GC=F ^TNX CL=F ^VIX","6","0","","0.0"
"20260208_083756Z_827115","2026-02-08 17:37:57","1","JPY=X BTC-USD GC=F ^TNX CL=F ^VIX","6","0","","0.0"
"20260208_090423Z_727212","2026-02-08 18:04:23","1","JPY=X BTC-USD GC=F ^TNX CL=F ^VIX","6","0","","0.0"
"20260208_094635Z_123740","2026-02-08 18:46:37","1","JPY=X BTC-USD GC=F ^TNX CL=F ^VIX","6","0","","0.0"
"20260208_103151Z_727447","2026-02-08 19:31:53","1","JPY=X BTC-USD GC=F ^TNX CL=F ^VIX","6","0","","0.0"
"20260208_110144Z_452999","2026-02-08 20:01:45","1","JPY=X BTC-USD GC=F ^TNX CL=F ^VIX","6","0","","0.0"
"20260208_113723Z_874679","2026-02-08 20:37:23","1","JPY=X BTC-USD GC=F ^TNX CL=F ^VIX","6","0","","0.0"
"20260208_115538Z_530114","2026-02-08 20:55:39","1","JPY=X BTC-USD GC=F ^TNX CL=F ^VIX","6","0","","0.0"
"20260208_125953Z_704984","2026-02-08 21:59:54","1","JPY=X BTC-USD GC=F ^TNX CL=F ^VIX","6","0","","0.0"
"20260208_135214Z_509370","2026-02-08 22:52:15","1","JPY=X BTC-USD GC=F ^TNX CL=F ^VIX","6","0","","0.0"
"20260208_143233Z_199842","2026-02-08 23:32:34","1","JPY=X BTC-USD GC=F ^TNX CL=F ^VIX","6","0","","0.0"
"20260208_150101Z_200617","2026-02-09 00:01:02","1","JPY=X BTC-USD GC=F ^TNX CL=F ^VIX","6","0","","0.0"
"20260208_154300Z_229888","2026-02-09 00:43:02","1","JPY=X BTC-USD GC=F ^TNX CL=F ^VIX","6","0","","0.0"
"20260208_160058Z_427399","2026-02-09 01:01:00","1","JPY=X BTC-USD GC=F ^TNX CL=F ^VIX","6","0","","0.0"
"20260208_165019Z_669454","2026-02-09 01:50:20","1","JPY=X BTC-USD GC=F ^TNX CL=F ^VIX","6","0","","0.0"
"20260208_173031Z_700887","2026-02-09 02:30:32","1","JPY=X BTC-USD GC=F ^TNX CL=F ^VIX","6","0","","0.0"
"20260208_175947Z_998339","2026-02-09 02:59:49","1","JPY=X BTC-USD GC=F ^TNX CL=F ^VIX","6","0","","0.0"
"20260208_185151Z_439873","2026-02-09 03:51:52","1","JPY=X BTC-USD GC=F ^TNX CL=F ^VIX","6","0","","0.0"
"20260208_192919Z_209027","2026-02-09 04:29:20","1","JPY=X BTC-USD GC=F ^TNX CL=F ^VIX","6","0","","0.0"
"20260208_194929Z_118757","2026-02-09 04:49:31","1","JPY=X BTC-USD GC=F ^TNX CL=F ^VIX","6","0","","0.0"
"20260208_203258Z_850418","2026-02-09 05:33:00","1","JPY=X BTC-USD GC=F ^TNX CL=F ^VIX","6","0","","0.0"
"20260208_210132Z_712642","2026-02-09 06:01:34","1","JPY=X BTC-USD GC=F ^TNX CL=F ^VIX","6","0","","0.0"
"20260208_214318Z_230266","2026-02-09 06:43:19","1","JPY=X BTC-USD GC=F ^TNX CL=F ^VIX","6","0","","0.0"
"20260208_220050Z_299051","2026-02-09 07:00:51","1","JPY=X BTC-USD GC=F ^TNX CL=F ^VIX","6","0","","0.0"
"20260208_224846Z_769273","2026-02-09 07:48:47","1","JPY=X BTC-USD GC=F ^TNX CL=F ^VIX","6","0","","0.0"
"20260208_233500Z_514921","2026-02-09 08:35:01","1","JPY=X BTC-USD GC=F ^TNX CL=F ^VIX","6","0","","0.0"
"20260209_000014Z_389188","2026-02-09 09:00:14","1","JPY=X BTC-USD GC=F ^TNX CL=F ^VIX","6","0","","0.0"
"20260209_031600Z_177899","2026-02-09 12:16:01","1","JPY=X BTC-USD GC=F ^TNX CL=F ^VIX","6","0","","0.0"
"20260209_051703Z_969364","2026-02-09 14:17:04","1","JPY=X BTC-USD GC=F ^TNX CL=F ^VIX","6","0","","0.0"
"20260209_064224Z_258134","2026-02-09 15:42:26","1","JPY=X BTC-USD GC=F ^TNX CL=F ^VIX","6","0","","0.0"
"20260209_074348Z_897463","2026-02-09 16:43:49","1","JPY=X BTC-USD GC=F ^TNX CL=F ^VIX","6","0","","0.0"
"20260209_083317Z_790914","2026-02-09 17:33:19","1","JPY=X BTC-USD GC=F ^TNX CL=F ^VIX","6","0","","0.0"
"20260209_094322Z_504342","2026-02-09 18:43:23","1","JPY=X BTC-USD GC=F ^TNX CL=F ^VIX","6","0","","0.0"
"20260209_104301Z_344902","2026-02-09 19:43:03","1","JPY=X BTC-USD GC=F ^TNX CL=F ^VIX","6","0","","0.0"
"20260209_113425Z_392525","2026-02-09 20:34:26","1","JPY=X BTC-USD GC=F ^TNX CL=F ^VIX","6","0","","0.0"
"20260209_123336Z_669120","2026-02-09 21:33:37","1","JPY=X BTC-USD GC=F ^TNX CL=F ^VIX","6","0","","0.0"
"20260209_140233Z_240769","2026-02-09 23:02:34","1","JPY=X BTC-USD GC=F ^TNX CL=F ^VIX","6","0","","0.0"
"20260209_151221Z_998547","2026-02-10 00:12:21","1","JPY=X BTC-USD GC=F ^TNX CL=F ^VIX","6","0","","0.0"
"20260209_161513Z_885816","2026-02-10 01:15:14","1","JPY=X BTC-USD GC=F ^TNX CL=F ^VIX","6","0","","0.0"
"20260209_171934Z_918131","2026-02-10 02:19:35","1","JPY=X BTC-USD GC=F ^TNX CL=F ^VIX","6","0","","0.0"
"20260209_181024Z_107382","2026-02-10 03:10:25","1","JPY=X BTC-USD GC=F ^TNX CL=F ^VIX","6","0","","0.0"
"20260209_194114Z_889588","2026-02-10 04:41:15","1","JPY=X BTC-USD GC=F ^TNX CL=F ^VIX","6","0","","0.0"
"20260209_203116Z_601885","2026-02-10 05:31:17","1","JPY=X BTC-USD GC=F ^TNX CL=F ^VIX","6","0","","0.0"
"20260209_211732Z_771307","2026-02-10 06:17:33","1","JPY=X BTC-USD GC=F ^TNX CL=F ^VIX","6","0","","0.0"
"20260209_215723Z_368313","2026-02-10 06:57:25","1","JPY=X BTC-USD GC=F ^TNX CL=F ^VIX","6","0","","0.0"
"20260209_225005Z_650956","2026-02-10 07:50:06","1","JPY=X BTC-USD GC=F ^TNX CL=F ^VIX","6","0","","0.0"
"20260209_234042Z_853787","2026-02-10 08:40:43","1","JPY=X BTC-USD GC=F ^TNX CL=F ^VIX","6","0","","0.0"
"20260210_010406Z_873897","2026-02-10 10:04:07","1","JPY=X BTC-USD GC=F ^TNX CL=F ^VIX","6","0","","0.0"
"20260210_040726Z_391557","2026-02-10 13:07:29","1","JPY=X BTC-USD GC=F ^TNX CL=F ^VIX","6","0","","0.0"
"20260210_054841Z_727628","2026-02-10 14:48:42","1","JPY=X BTC-USD GC=F ^TNX CL=F ^VIX","6","0","","0.0"
"20260210_071013Z_100065","2026-02-10 16:10:14","1","JPY=X BTC-USD GC=F ^TNX CL=F ^VIX","6","0","","0.0"
"20260210_080553Z_508013","2026-02-10 17:05:54","1","JPY=X BTC-USD GC=F ^TNX CL=F ^VIX","6","0","","0.0"
"20260210_091323Z_485153","2026-02-10 18:13:24","1","JPY=X BTC-USD GC=F ^TNX CL=F ^VIX","6","0","","0.0"
"20260210_101346Z_454537","2026-02-10 19:13:47","1","JPY=X BTC-USD GC=F ^TNX CL=F ^VIX","6","0","","0.0"
"20260210_111453Z_456440","2026-02-10 20:14:53","1","JPY=X BTC-USD GC=F ^TNX CL=F ^VIX","6","0","","0.0"
"20260210_120251Z_730324","2026-02-10 21:02:53","1","JPY=X BTC-USD GC=F ^TNX CL=F ^VIX","6","0","","0.0"
"20260210_135459Z_827676","2026-02-10 22:55:00","1","JPY=X BTC-USD GC=F ^TNX CL=F ^VIX","6","0","","0.0"
"20260210_150225Z_922572","2026-02-11 00:02:26","1","JPY=X BTC-USD GC=F ^TNX CL=F ^VIX","6","0","","0.0"
"20260210_161814Z_213869","2026-02-11 01:18:16","1","JPY=X BTC-USD GC=F ^TNX CL=F ^VIX","6","0","","0.0"
"20260210_173500Z_724135","2026-02-11 02:35:01","1","JPY=X BTC-USD GC=F ^TNX CL=F ^VIX","6","0","","0.0"
"20260210_184229Z_126064","2026-02-11 03:42:31","1","JPY=X BTC-USD GC=F ^TNX CL=F ^VIX","6","0","","0.0"
"20260210_194825Z_449060","2026-02-11 04:48:26","1","JPY=X BTC-USD GC=F ^TNX CL=F ^VIX","6","0","","0.0"
"20260210_205015Z_684045","2026-02-11 05:50:17","1","JPY=X BTC-USD GC=F ^TNX CL=F ^VIX","6","0","","0.0"
"20260210_214610Z_893804","2026-02-11 06:46:12","1","JPY=X BTC-USD GC=F ^TNX CL=F ^VIX","6","0","","0.0"
"20260210_224332Z_732696","2026-02-11 07:43:33","1","JPY=X BTC-USD GC=F ^TNX CL=F ^VIX","6","0","","0.0"
"20260210_232603Z_471621","2026-02-11 08:26:04","1","JPY=X BTC-USD GC=F ^TNX CL=F ^VIX","6","0","","0.0"
"20260211_000341Z_649837","2026-02-11 09:03:42","1","JPY=X BTC-USD GC=F ^TNX CL=F ^VIX","6","0","","0.0"
"20260211_032649Z_618579","2026-02-11 12:26:50","1","JPY=X BTC-USD GC=F ^TNX CL=F ^VIX","6","0","","0.0"
"20260211_051723Z_169909","2026-02-11 14:17:24","1","JPY=X BTC-USD GC=F ^TNX CL=F ^VIX","6","0","","0.0"
"20260211_064058Z_814892","2026-02-11 15:40:59","1","JPY=X BTC-USD GC=F ^TNX CL=F ^VIX","6","0","","0.0"
"20260211_074137Z_989226","2026-02-11 16:41:38","1","JPY=X BTC-USD GC=F ^TNX CL=F ^VIX","6","0","","0.0"
"20260211_082933Z_363836","2026-02-11 17:29:34","1","JPY=X BTC-USD GC=F ^TNX CL=F ^VIX","6","0","","0.0"
"20260211_093137Z_437778","2026-02-11 18:31:38","1","JPY=X BTC-USD GC=F ^TNX CL=F ^VIX","6","0","","0.0"
"20260211_103457Z_515740","2026-02-11 19:34:58","1","JPY=X BTC-USD GC=F ^TNX CL=F ^VIX","6","0","","0.0"
"20260211_113149Z_448341","2026-02-11 20:31:50","1","JPY=X BTC-USD GC=F ^TNX CL=F ^VIX","6","0","","0.0"
"20260211_123309Z_608618","2026-02-11 21:33:11","1","JPY=X BTC-USD GC=F ^TNX CL=F ^VIX","6","0","","0.0"
"20260211_140358Z_808518","2026-02-11 23:03:59","1","JPY=X BTC-USD GC=F ^TNX CL=F ^VIX","6","0","","0.0"
"20260211_151426Z_977867","2026-02-12 00:14:28","1","JPY=X BTC-USD GC=F ^TNX CL=F ^VIX","6","0","","0.0"
"20260211_161822Z_955046","2026-02-12 01:18:24","1","JPY=X BTC-USD GC=F ^TNX CL=F ^VIX","6","0","","0.0"
"20260211_173359Z_766903","2026-02-12 02:34:00","1","JPY=X BTC-USD GC=F ^TNX CL=F ^VIX","6","0","","0.0"
"20260211_184011Z_559383","2026-02-12 03:40:12","1","JPY=X BTC-USD GC=F ^TNX CL=F ^VIX","6","0","","0.0"
"20260211_194310Z_566570","2026-02-12 04:43:11","1","JPY=X BTC-USD GC=F ^TNX CL=F ^VIX","6","0","","0.0"
"20260211_202235Z_987783","2026-02-12 05:22:36","1","JPY=X BTC-USD GC=F ^TNX CL=F ^VIX","6","0","","0.0"
"20260211_210600Z_284163","2026-02-12 06:06:01","1","JPY=X BTC-USD GC=F ^TNX CL=F ^VIX","6","0","","0.0"
"20260211_215025Z_818388","2026-02-12 06:50:27","1","JPY=X BTC-USD GC=F ^TNX CL=F ^VIX","6","0","","0.0"
"20260211_223406Z_245495","2026-02-12 07:34:07","1","JPY=X BTC-USD GC=F ^TNX CL=F ^VIX","6","0","","0.0"
"20260211_230532Z_560412","2026-02-12 08:05:32","1","JPY=X BTC-USD GC=F ^TNX CL=F ^VIX","6","0","","0.0"
"20260211_234724Z_848143","2026-02-12 08:47:25","1","JPY=X BTC-USD GC=F ^TNX CL=F ^VIX","6","0","","0.0"
"20260212_023529Z_322414","2026-02-12 11:35:30","1","JPY=X BTC-USD GC=F ^TNX CL=F ^VIX","6","0","","0.0"
"20260212_044915Z_349319","2026-02-12 13:49:16","1","JPY=X BTC-USD GC=F ^TNX CL=F ^VIX","6","0","","0.0"
"20260212_060632Z_690178","2026-02-12 15:06:34","1","JPY=X BTC-USD GC=F ^TNX CL=F ^VIX","6","0","","0.0"
"20260212_071752Z_721298","2026-02-12 16:17:54","1","JPY=X BTC-USD GC=F ^TNX CL=F ^VIX","6","0","","0.0"
"20260212_080403Z_923300","2026-02-12 17:04:04","1","JPY=X BTC-USD GC=F ^TNX CL=F ^VIX","6","0","","0.0"
"20260212_090658Z_730976","2026-02-12 18:07:00","1","JPY=X BTC-USD GC=F ^TNX CL=F ^VIX","6","0","","0.0"
"20260212_100818Z_180044","2026-02-12 19:08:19","1","JPY=X BTC-USD GC=F ^TNX CL=F ^VIX","6","0","","0.0"
"20260212_110825Z_989707","2026-02-12 20:08:27","1","JPY=X BTC-USD GC=F ^TNX CL=F ^VIX","6","0","","0.0"
"20260212_115654Z_659998","2026-02-12 20:56:55","1","JPY=X BTC-USD GC=F ^TNX CL=F ^VIX","6","0","","0.0"
"20260212_132659Z_859895","2026-02-12 22:27:01","1","JPY=X BTC-USD GC=F ^TNX CL=F ^VIX","6","0","","0.0"
"20260212_143702Z_784225","2026-02-12 23:37:04","1","JPY=X BTC-USD GC=F ^TNX CL=F ^VIX","6","0","","0.0"
"20260212_153613Z_167835","2026-02-13 00:36:14","1","JPY=X BTC-USD GC=F ^TNX CL=F ^VIX","6","0","","0.0"
"20260212_164128Z_229788","2026-02-13 01:41:29","1","JPY=X BTC-USD GC=F ^TNX CL=F ^VIX","6","0","","0.0"
"20260212_174523Z_936385","2026-02-13 02:45:24","1","JPY=X BTC-USD GC=F ^TNX CL=F ^VIX","6","0","","0.0"
"20260212_184039Z_165637","2026-02-13 03:40:41","1","JPY=X BTC-USD GC=F ^TNX CL=F ^VIX","6","0","","0.0"
"20260212_194027Z_943341","2026-02-13 04:40:28","1","JPY=X BTC-USD GC=F ^TNX CL=F ^VIX","6","0","","0.0"
"20260212_200358Z_815535","2026-02-13 05:03:59","1","JPY=X BTC-USD GC=F ^TNX CL=F ^VIX","6","0","","0.0"
"20260212_205213Z_149145","2026-02-13 05:52:14","1","JPY=X BTC-USD GC=F ^TNX CL=F ^VIX","6","0","","0.0"
"20260212_213741Z_307231","2026-02-13 06:37:42","1","JPY=X BTC-USD GC=F ^TNX CL=F ^VIX","6","0","","0.0"
"20260212_220400Z_476190","2026-02-13 07:04:01","1","JPY=X BTC-USD GC=F ^TNX CL=F ^VIX","6","0","","0.0"
"20260212_224958Z_874040","2026-02-13 07:49:59","1","JPY=X BTC-USD GC=F ^TNX CL=F ^VIX","6","0","","0.0"
"20260212_233351Z_969600","2026-02-13 08:33:52","1","JPY=X BTC-USD GC=F ^TNX CL=F ^VIX","6","0","","0.0"
"20260213_000205Z_130108","2026-02-13 09:02:06","1","JPY=X BTC-USD GC=F ^TNX CL=F ^VIX","6","0","","0.0"
"20260213_032313Z_912517","2026-02-13 12:23:14","1","JPY=X BTC-USD GC=F ^TNX CL=F ^VIX","6","0","","0.0"
"20260213_050957Z_992702","2026-02-13 14:09:57","1","JPY=X BTC-USD GC=F ^TNX CL=F ^VIX","6","0","","0.0"
"20260213_061407Z_187239","2026-02-13 15:14:08","1","JPY=X BTC-USD GC=F ^TNX CL=F ^VIX","6","0","","0.0"
"20260213_071817Z_190481","2026-02-13 16:18:18","1","JPY=X BTC-USD GC=F ^TNX CL=F ^VIX","6","0","","0.0"
"20260213_080442Z_328684","2026-02-13 17:04:43","1","JPY=X BTC-USD GC=F ^TNX CL=F ^VIX","6","0","","0.0"
"20260213_090309Z_935305","2026-02-13 18:03:09","1","JPY=X BTC-USD GC=F ^TNX CL=F ^VIX","6","0","","0.0"
"20260213_100244Z_547378","2026-02-13 19:02:45","1","JPY=X BTC-USD GC=F ^TNX CL=F ^VIX","6","0","","0.0"
"20260213_110256Z_312505","2026-02-13 20:02:56","1","JPY=X BTC-USD GC=F ^TNX CL=F ^VIX","6","0","","0.0"
"20260213_114737Z_852963","2026-02-13 20:47:38","1","JPY=X BTC-USD GC=F ^TNX CL=F ^VIX","6","0","","0.0"
"20260213_130824Z_218325","2026-02-13 22:08:25","1","JPY=X BTC-USD GC=F ^TNX CL=F ^VIX","6","0","","0.0"
"20260213_140905Z_980110","2026-02-13 23:09:06","1","JPY=X BTC-USD GC=F ^TNX CL=F ^VIX","6","0","","0.0"
"20260213_150222Z_572641","2026-02-14 00:02:23","1","JPY=X BTC-USD GC=F ^TNX CL=F ^VIX","6","0","","0.0"
"20260213_160050Z_530863","2026-02-14 01:00:51","1","JPY=X BTC-USD GC=F ^TNX CL=F ^VIX","6","0","","0.0"
"20260213_170707Z_602925","2026-02-14 02:07:08","1","JPY=X BTC-USD GC=F ^TNX CL=F ^VIX","6","0","","0.0"
"20260213_175718Z_601912","2026-02-14 02:57:20","1","JPY=X BTC-USD GC=F ^TNX CL=F ^VIX","6","0","","0.0"
"20260213_190253Z_565493","2026-02-14 04:02:55","1","JPY=X BTC-USD GC=F ^TNX CL=F ^VIX","6","0","","0.0"
"20260213_195330Z_607123","2026-02-14 04:53:32","1","JPY=X BTC-USD GC=F ^TNX CL=F ^VIX","6","0","","0.0"
"20260213_204255Z_339861","2026-02-14 05:42:56","1","JPY=X BTC-USD GC=F ^TNX CL=F ^VIX","6","0","","0.0"
"20260213_212132Z_640546","2026-02-14 06:21:33","1","JPY=X BTC-USD GC=F ^TNX CL=F ^VIX","6","0","","0.0"
"20260213_220014Z_199331","2026-02-14 07:00:15","1","JPY=X BTC-USD GC=F ^TNX CL=F ^VIX","6","0","","0.0"
"20260213_224645Z_745504","2026-02-14 07:46:46","1","JPY=X BTC-USD GC=F ^TNX CL=F ^VIX","6","0","","0.0"
"20260213_233452Z_775542","2026-02-14 08:34:53","1","JPY=X BTC-USD GC=F ^TNX CL=F ^VIX","6","0","","0.0"
"20260214_000017Z_323910","2026-02-14 09:00:18","1","JPY=X BTC-USD GC=F ^TNX CL=F ^VIX","6","0","","0.0"
"20260214_024842Z_989779","2026-02-14 11:48:43","1","JPY=X BTC-USD GC=F ^TNX CL=F ^VIX","6","0","","0.0"
"20260214_044402Z_409049","2026-02-14 13:44:03","1","JPY=X BTC-USD GC=F ^TNX CL=F ^VIX","6","0","","0.0"
"20260214_053516Z_940831","2026-02-14 14:35:17","1","JPY=X BTC-USD GC=F ^TNX CL=F ^VIX","6","0","","0.0"
"20260214_062612Z_835086","2026-02-14 15:26:13","1","JPY=X BTC-USD GC=F ^TNX CL=F ^VIX","6","0","","0.0"
"20260214_071144Z_984723","2026-02-14 16:11:44","1","JPY=X BTC-USD GC=F ^TNX CL=F ^VIX","6","0","","0.0"
"20260214_074923Z_847110","2026-02-14 16:49:25","1","JPY=X BTC-USD GC=F ^TNX CL=F ^VIX","6","0","","0.0"
"20260214_083753Z_900543","2026-02-14 17:37:54","1","JPY=X BTC-USD GC=F ^TNX CL=F ^VIX","6","0","","0.0"
"20260214_090450Z_892290","2026-02-14 18:04:52","1","JPY=X BTC-USD GC=F ^TNX CL=F ^VIX","6","0","","0.0"
"20260214_094713Z_833738","2026-02-14 18:47:14","1","JPY=X BTC-USD GC=F ^TNX CL=F ^VIX","6","0","","0.0"
"20260214_103126Z_741506","2026-02-14 19:31:28","1","JPY=X BTC-USD GC=F ^TNX CL=F ^VIX","6","0","","0.0"
"20260214_110100Z_778037","2026-02-14 20:01:01","1","JPY=X BTC-USD GC=F ^TNX CL=F ^VIX","6","0","","0.0"
"20260214_113600Z_239345","2026-02-14 20:36:02","1","JPY=X BTC-USD GC=F ^TNX CL=F ^VIX","6","0","","0.0"
"20260214_115547Z_553176","2026-02-14 20:55:48","1","JPY=X BTC-USD GC=F ^TNX CL=F ^VIX","6","0","","0.0"
"20260214_130004Z_215737","2026-02-14 22:00:04","1","JPY=X BTC-USD GC=F ^TNX CL=F ^VIX","6","0","","0.0"
"20260214_135121Z_788598","2026-02-14 22:51:22","1","JPY=X BTC-USD GC=F ^TNX CL=F ^VIX","6","0","","0.0"
"20260214_143100Z_447877","2026-02-14 23:31:00","1","JPY=X BTC-USD GC=F ^TNX CL=F ^VIX","6","0","","0.0"
"20260214_145959Z_702432","2026-02-15 00:00:00","1","JPY=X BTC-USD GC=F ^TNX CL=F ^VIX","6","0","","0.0"
"20260214_153623Z_236370","2026-02-15 00:36:23","1","JPY=X BTC-USD GC=F ^TNX CL=F ^VIX","6","0","","0.0"
"20260214_155908Z_583501","2026-02-15 00:59:10","1","JPY=X BTC-USD GC=F ^TNX CL=F ^VIX","6","0","","0.0"
"20260214_164243Z_606499","2026-02-15 01:42:44","1","JPY=X BTC-USD GC=F ^TNX CL=F ^VIX","6","0","","0.0"
"20260214_170357Z_484302","2026-02-15 02:03:59","1","JPY=X BTC-USD GC=F ^TNX CL=F ^VIX","6","0","","0.0"
"20260214_174340Z_169704","2026-02-15 02:43:42","1","JPY=X BTC-USD GC=F ^TNX CL=F ^VIX","6","0","","0.0"
"20260214_175923Z_207397","2026-02-15 02:59:25","1","JPY=X BTC-USD GC=F ^TNX CL=F ^VIX","6","0","","0.0"
"20260214_185021Z_499621","2026-02-15 03:50:23","1","JPY=X BTC-USD GC=F ^TNX CL=F ^VIX","6","0","","0.0"
"20260214_192747Z_123627","2026-02-15 04:27:48","1","JPY=X BTC-USD GC=F ^TNX CL=F ^VIX","6","0","","0.0"
"20260214_194755Z_276150","2026-02-15 04:47:56","1","JPY=X BTC-USD GC=F ^TNX CL=F ^VIX","6","0","","0.0"
"20260214_203116Z_183982","2026-02-15 05:31:18","1","JPY=X BTC-USD GC=F ^TNX CL=F ^VIX","6","0","","0.0"
"20260214_205925Z_105279","2026-02-15 05:59:27","1","JPY=X BTC-USD GC=F ^TNX CL=F ^VIX","6","0","","0.0"
"20260214_213429Z_749477","2026-02-15 06:34:31","1","JPY=X BTC-USD GC=F ^TNX CL=F ^VIX","6","0","","0.0"
"20260214_215714Z_328072","2026-02-15 06:57:15","1","JPY=X BTC-USD GC=F ^TNX CL=F ^VIX","6","0","","0.0"
"20260214_223411Z_448806","2026-02-15 07:34:13","1","JPY=X BTC-USD GC=F ^TNX CL=F ^VIX","6","0","","0.0"
"20260214_225923Z_507557","2026-02-15 07:59:25","1","JPY=X BTC-USD GC=F ^TNX CL=F ^VIX","6","0","","0.0"
"20260214_233439Z_963067","2026-02-15 08:34:40","1","JPY=X BTC-USD GC=F ^TNX CL=F ^VIX","6","0","","0.0"
"20260214_235733Z_601816","2026-02-15 08:57:35","1","JPY=X BTC-USD GC=F ^TNX CL=F ^VIX","6","0","","0.0"
"20260215_031556Z_510537","2026-02-15 12:15:56","1","JPY=X BTC-USD GC=F ^TNX CL=F ^VIX","6","0","","0.0"
"20260215_050836Z_901995","2026-02-15 14:08:36","1","JPY=X BTC-USD GC=F ^TNX CL=F ^VIX","6","0","","0.0"
"20260215_060850Z_396684","2026-02-15 15:08:52","1","JPY=X BTC-USD GC=F ^TNX CL=F ^VIX","6","0","","0.0"
"20260215_070800Z_721148","2026-02-15 16:08:01","1","JPY=X BTC-USD GC=F ^TNX CL=F ^VIX","6","0","","0.0"
"20260215_075028Z_523594","2026-02-15 16:50:30","1","JPY=X BTC-USD GC=F ^TNX CL=F ^VIX","6","0","","0.0"
"20260215_083829Z_830487","2026-02-15 17:38:31","1","JPY=X BTC-USD GC=F ^TNX CL=F ^VIX","6","0","","0.0"
"20260215_090426Z_572930","2026-02-15 18:04:28","1","JPY=X BTC-USD GC=F ^TNX CL=F ^VIX","6","0","","0.0"
"20260215_094751Z_524151","2026-02-15 18:47:52","1","JPY=X BTC-USD GC=F ^TNX CL=F ^VIX","6","0","","0.0"
"20260215_103120Z_354242","2026-02-15 19:31:21","1","JPY=X BTC-USD GC=F ^TNX CL=F ^VIX","6","0","","0.0"
"20260215_110055Z_790201","2026-02-15 20:00:56","1","JPY=X BTC-USD GC=F ^TNX CL=F ^VIX","6","0","","0.0"
"20260215_113647Z_592308","2026-02-15 20:36:49","1","JPY=X BTC-USD GC=F ^TNX CL=F ^VIX","6","0","","0.0"
"20260215_115636Z_266549","2026-02-15 20:56:37","1","JPY=X BTC-USD GC=F ^TNX CL=F ^VIX","6","0","","0.0"
"20260215_130640Z_950442","2026-02-15 22:06:41","1","JPY=X BTC-USD GC=F ^TNX CL=F ^VIX","6","0","","0.0"
"20260215_135409Z_332847","2026-02-15 22:54:11","1","JPY=X BTC-USD GC=F ^TNX CL=F ^VIX","6","0","","0.0"
"20260215_143145Z_261146","2026-02-15 23:31:46","1","JPY=X BTC-USD GC=F ^TNX CL=F ^VIX","6","0","","0.0"
"20260215_150109Z_978258","2026-02-16 00:01:11","1","JPY=X BTC-USD GC=F ^TNX CL=F ^VIX","6","0","","0.0"
"20260215_154204Z_872000","2026-02-16 00:42:05","1","JPY=X BTC-USD GC=F ^TNX CL=F ^VIX","6","0","","0.0"
"20260215_155907Z_890616","2026-02-16 00:59:08","1","JPY=X BTC-USD GC=F ^TNX CL=F ^VIX","6","0","","0.0"
"20260215_164344Z_371998","2026-02-16 01:43:45","1","JPY=X BTC-USD GC=F ^TNX CL=F ^VIX","6","0","","0.0"
"20260215_171202Z_853267","2026-02-16 02:12:03","1","JPY=X BTC-USD GC=F ^TNX CL=F ^VIX","6","0","","0.0"
"20260215_174432Z_464168","2026-02-16 02:44:32","1","JPY=X BTC-USD GC=F ^TNX CL=F ^VIX","6","0","","0.0"
"20260215_180043Z_403175","2026-02-16 03:00:44","1","JPY=X BTC-USD GC=F ^TNX CL=F ^VIX","6","0","","0.0"
"20260215_185546Z_155479","2026-02-16 03:55:48","1","JPY=X BTC-USD GC=F ^TNX CL=F ^VIX","6","0","","0.0"
"20260215_193036Z_507191","2026-02-16 04:30:37","1","JPY=X BTC-USD GC=F ^TNX CL=F ^VIX","6","0","","0.0"
"20260215_195616Z_952695","2026-02-16 04:56:16","1","JPY=X BTC-USD GC=F ^TNX CL=F ^VIX","6","0","","0.0"
"20260215_203448Z_989021","2026-02-16 05:34:49","1","JPY=X BTC-USD GC=F ^TNX CL=F ^VIX","6","0","","0.0"
"20260215_210017Z_469285","2026-02-16 06:00:18","1","JPY=X BTC-USD GC=F ^TNX CL=F ^VIX","6","0","","0.0"
"20260215_213534Z_977281","2026-02-16 06:35:35","1","JPY=X BTC-USD GC=F ^TNX CL=F ^VIX","6","0","","0.0"
"20260215_215727Z_399687","2026-02-16 06:57:28","1","JPY=X BTC-USD GC=F ^TNX CL=F ^VIX","6","0","","0.0"
"20260215_223500Z_683427","2026-02-16 07:35:01","1","JPY=X BTC-USD GC=F ^TNX CL=F ^VIX","6","0","","0.0"
"20260215_230025Z_580076","2026-02-16 08:00:27","1","JPY=X BTC-USD GC=F ^TNX CL=F ^VIX","6","0","","0.0"
"20260215_233736Z_350422","2026-02-16 08:37:38","1","JPY=X BTC-USD GC=F ^TNX CL=F ^VIX","6","0","","0.0"
"20260216_000004Z_398245","2026-02-16 09:00:05","1","JPY=X BTC-USD GC=F ^TNX CL=F ^VIX","6","0","","0.0"
"20260216_031439Z_397819","2026-02-16 12:14:42","1","JPY=X BTC-USD GC=F ^TNX CL=F ^VIX","6","0","","0.0"
"20260216_051253Z_748526","2026-02-16 14:12:54","1","JPY=X BTC-USD GC=F ^TNX CL=F ^VIX","6","0","","0.0"
"20260216_061635Z_605046","2026-02-16 15:16:37","1","JPY=X BTC-USD GC=F ^TNX CL=F ^VIX","6","0","","0.0"
"20260216_073700Z_499607","2026-02-16 16:37:02","1","JPY=X BTC-USD GC=F ^TNX CL=F ^VIX","6","0","","0.0"
"20260216_082837Z_451992","2026-02-16 17:28:38","1","JPY=X BTC-USD GC=F ^TNX CL=F ^VIX","6","0","","0.0"
"20260216_093231Z_187433","2026-02-16 18:32:32","1","JPY=X BTC-USD GC=F ^TNX CL=F ^VIX","6","0","","0.0"
"20260216_103421Z_172919","2026-02-16 19:34:22","1","JPY=X BTC-USD GC=F ^TNX CL=F ^VIX","6","0","","0.0"
"20260216_112801Z_903381","2026-02-16 20:28:02","1","JPY=X BTC-USD GC=F ^TNX CL=F ^VIX","6","0","","0.0"
"20260216_120202Z_836647","2026-02-16 21:02:03","1","JPY=X BTC-USD GC=F ^TNX CL=F ^VIX","6","0","","0.0"
"20260216_134004Z_894780","2026-02-16 22:40:05","1","JPY=X BTC-USD GC=F ^TNX CL=F ^VIX","6","0","","0.0"
"20260216_143008Z_436163","2026-02-16 23:30:08","1","JPY=X BTC-USD GC=F ^TNX CL=F ^VIX","6","0","","0.0"
"20260216_152257Z_238681","2026-02-17 00:22:58","1","JPY=X BTC-USD GC=F ^TNX CL=F ^VIX","6","0","","0.0"
"20260216_160656Z_596616","2026-02-17 01:06:57","1","JPY=X BTC-USD GC=F ^TNX CL=F ^VIX","6","0","","0.0"
"20260216_170353Z_743372","2026-02-17 02:03:54","1","JPY=X BTC-USD GC=F ^TNX CL=F ^VIX","6","0","","0.0"
"20260216_175556Z_820221","2026-02-17 02:55:56","1","JPY=X BTC-USD GC=F ^TNX CL=F ^VIX","6","0","","0.0"
"20260216_185257Z_817168","2026-02-17 03:52:59","1","JPY=X BTC-USD GC=F ^TNX CL=F ^VIX","6","0","","0.0"
"20260216_193426Z_121433","2026-02-17 04:34:27","1","JPY=X BTC-USD GC=F ^TNX CL=F ^VIX","6","0","","0.0"
"20260216_200002Z_250624","2026-02-17 05:00:03","1","JPY=X BTC-USD GC=F ^TNX CL=F ^VIX","6","0","","0.0"
"20260216_204409Z_520225","2026-02-17 05:44:10","1","JPY=X BTC-USD GC=F ^TNX CL=F ^VIX","6","0","","0.0"
"20260216_211410Z_661617","2026-02-17 06:14:10","1","JPY=X BTC-USD GC=F ^TNX CL=F ^VIX","6","0","","0.0"
"20260216_214737Z_598441","2026-02-17 06:47:39","1","JPY=X BTC-USD GC=F ^TNX CL=F ^VIX","6","0","","0.0"
"20260216_223308Z_505529","2026-02-17 07:33:09","1","JPY=X BTC-USD GC=F ^TNX CL=F ^VIX","6","0","","0.0"
"20260216_230324Z_135720","2026-02-17 08:03:24","1","JPY=X BTC-USD GC=F ^TNX CL=F ^VIX","6","0","","0.0"
"20260216_234529Z_787731","2026-02-17 08:45:30","1","JPY=X BTC-USD GC=F ^TNX CL=F ^VIX","6","0","","0.0"
"20260217_022948Z_748441","2026-02-17 11:29:50","1","JPY=X BTC-USD GC=F ^TNX CL=F ^VIX","6","0","","0.0"
"20260217_043140Z_613725","2026-02-17 13:31:40","1","JPY=X BTC-USD GC=F ^TNX CL=F ^VIX","6","0","","0.0"
"20260217_054648Z_325722","2026-02-17 14:46:49","1","JPY=X BTC-USD GC=F ^TNX CL=F ^VIX","6","0","","0.0"
"20260217_070403Z_986760","2026-02-17 16:04:04","1","JPY=X BTC-USD GC=F ^TNX CL=F ^VIX","6","0","","0.0"
"20260217_075916Z_745862","2026-02-17 16:59:16","1","JPY=X BTC-USD GC=F ^TNX CL=F ^VIX","6","0","","0.0"
"20260217_085844Z_551040","2026-02-17 17:58:45","1","JPY=X BTC-USD GC=F ^TNX CL=F ^VIX","6","0","","0.0"
"20260217_100020Z_653724","2026-02-17 19:00:22","1","JPY=X BTC-USD GC=F ^TNX CL=F ^VIX","6","0","","0.0"
"20260217_105926Z_696489","2026-02-17 19:59:28","1","JPY=X BTC-USD GC=F ^TNX CL=F ^VIX","6","0","","0.0"
"20260217_114830Z_400419","2026-02-17 20:48:32","1","JPY=X BTC-USD GC=F ^TNX CL=F ^VIX","6","0","","0.0"
"20260217_131209Z_560507","2026-02-17 22:12:10","1","JPY=X BTC-USD GC=F ^TNX CL=F ^VIX","6","0","","0.0"
"20260217_141339Z_604124","2026-02-17 23:13:41","1","JPY=X BTC-USD GC=F ^TNX CL=F ^VIX","6","0","","0.0"
